{"info":{"year":"2023","version":"2","description":"Exported from roboflow.ai","contributor":"","url":"https://public.roboflow.ai/object-detection/undefined","date_created":"2023-02-04T15:51:46+00:00"},"licenses":[{"id":1,"url":"https://creativecommons.org/licenses/by/4.0/","name":"CC BY 4.0"}],"categories":[{"id":0,"name":"cell","supercategory":"none"},{"id":1,"name":"ACUS","supercategory":"cell"},{"id":2,"name":"HSIL","supercategory":"cell"},{"id":3,"name":"LSIL","supercategory":"cell"},{"id":4,"name":"SCC","supercategory":"cell"},{"id":5,"name":"TB VAY BE MAT","supercategory":"cell"},{"id":6,"name":"TB VAY TRUNG GIAN","supercategory":"cell"}],"images":[{"id":0,"license":1,"file_name":"D4-5-X40_png.rf.07853cc64b03c8ea00c2f31465d6529e.jpg","height":997,"width":1863,"date_captured":"2023-02-04T15:51:46+00:00"},{"id":1,"license":1,"file_name":"S5-12-X40_png.rf.05101db4bfb37c899ab95be8a00b836a.jpg","height":970,"width":1860,"date_captured":"2023-02-04T15:51:46+00:00"},{"id":2,"license":1,"file_name":"S5-6-X40_png.rf.0271e45d5f7e92be19b4d4c43964fed8.jpg","height":970,"width":1860,"date_captured":"2023-02-04T15:51:46+00:00"},{"id":3,"license":1,"file_name":"S5-13-X40_png.rf.0dd8f7f10048006b80a27ce47c758323.jpg","height":970,"width":1860,"date_captured":"2023-02-04T15:51:46+00:00"},{"id":4,"license":1,"file_name":"S5-21-X40_png.rf.0372deaffe7d26dce8784a3487cbb478.jpg","height":970,"width":1860,"date_captured":"2023-02-04T15:51:46+00:00"},{"id":5,"license":1,"file_name":"E1-5-X40_png.rf.0073be845161d9fdaa3265f4030b36af.jpg","height":953,"width":1859,"date_captured":"2023-02-04T15:51:46+00:00"},{"id":6,"license":1,"file_name":"A1-8-X40_png.rf.0da9d1f213d6805574bf7270ddc32eca.jpg","height":1080,"width":1920,"date_captured":"2023-02-04T15:51:46+00:00"},{"id":7,"license":1,"file_name":"A3-18-X40_png.rf.185ef8f63285fc0cc1c2c6a2bc31d6e6.jpg","height":1080,"width":1920,"date_captured":"2023-02-04T15:51:46+00:00"},{"id":8,"license":1,"file_name":"H1-33-X40_png.rf.1af6b76241a993d922c18ded4cbc6685.jpg","height":993,"width":1855,"date_captured":"2023-02-04T15:51:46+00:00"},{"id":9,"license":1,"file_name":"H2-23-X40_png.rf.023b2c0f084f919f5ecf1243c17c0d70.jpg","height":985,"width":1861,"date_captured":"2023-02-04T15:51:46+00:00"},{"id":10,"license":1,"file_name":"H2-27-X40_png.rf.1469bf666e682c823aeba85f189d97e5.jpg","height":993,"width":1867,"date_captured":"2023-02-04T15:51:46+00:00"},{"id":11,"license":1,"file_name":"J5-18-X40_png.rf.25769fc85fd652643f7589d98da9deee.jpg","height":995,"width":1864,"date_captured":"2023-02-04T15:51:46+00:00"},{"id":12,"license":1,"file_name":"E1-9-X40_png.rf.15b07bf5abb3221e5fefa6f4e03b3ca6.jpg","height":989,"width":1863,"date_captured":"2023-02-04T15:51:46+00:00"},{"id":13,"license":1,"file_name":"D4-30-X40_png.rf.1ae29f72f763d85e3287ffada1a28a2a.jpg","height":993,"width":1867,"date_captured":"2023-02-04T15:51:46+00:00"},{"id":14,"license":1,"file_name":"F1-4-X40_png.rf.39d28c20176249f4ed35c05513665156.jpg","height":989,"width":1865,"date_captured":"2023-02-04T15:51:46+00:00"},{"id":15,"license":1,"file_name":"F1-30-X40_png.rf.1d487f766ab51c0f0da748a46281a2b6.jpg","height":993,"width":1861,"date_captured":"2023-02-04T15:51:46+00:00"},{"id":16,"license":1,"file_name":"E1-18-X40_png.rf.23c0ce04524c547c65d88019ccb41fcf.jpg","height":981,"width":1859,"date_captured":"2023-02-04T15:51:46+00:00"},{"id":17,"license":1,"file_name":"S5-46-X40_png.rf.138670d672ff496105bcffafb5f87ebe.jpg","height":970,"width":1860,"date_captured":"2023-02-04T15:51:46+00:00"},{"id":18,"license":1,"file_name":"E1-37-X40_png.rf.3b5e8a51c6f52f48c637edadfffa4acc.jpg","height":997,"width":1863,"date_captured":"2023-02-04T15:51:46+00:00"},{"id":19,"license":1,"file_name":"H1-27-X40_png.rf.307508e7a24ed5ed5c5280c96e512a99.jpg","height":985,"width":1863,"date_captured":"2023-02-04T15:51:46+00:00"},{"id":20,"license":1,"file_name":"S5-16-X40_png.rf.375f51833e1ed0041880c28263e4e6d3.jpg","height":970,"width":1860,"date_captured":"2023-02-04T15:51:46+00:00"},{"id":21,"license":1,"file_name":"A1-24-X40_png.rf.1041ec78e9e115afb5ebfb4ae6596a5d.jpg","height":1080,"width":1920,"date_captured":"2023-02-04T15:51:46+00:00"},{"id":22,"license":1,"file_name":"S5-38-X40_png.rf.396b75f28004c335f079855b553e258b.jpg","height":970,"width":1860,"date_captured":"2023-02-04T15:51:46+00:00"},{"id":23,"license":1,"file_name":"H1-16-X40_png.rf.3eec9c128cdebd6eb04bf33259ec352a.jpg","height":985,"width":1863,"date_captured":"2023-02-04T15:51:46+00:00"},{"id":24,"license":1,"file_name":"J5-19-X40_png.rf.3b63676c27c6fc3fbf77e60e839b8dc8.jpg","height":995,"width":1860,"date_captured":"2023-02-04T15:51:46+00:00"},{"id":25,"license":1,"file_name":"A3-29-X40_png.rf.332abad7ad8a1d4bd9167efb4aedff08.jpg","height":1080,"width":1920,"date_captured":"2023-02-04T15:51:46+00:00"},{"id":26,"license":1,"file_name":"E1-34-X40_png.rf.4bc2823ca0b82d74471a6de24a3db387.jpg","height":1005,"width":1863,"date_captured":"2023-02-04T15:51:46+00:00"},{"id":27,"license":1,"file_name":"ES2-B1-39_png.rf.17de02eadf8aea8b8485210b1cdc4319.jpg","height":1030,"width":1920,"date_captured":"2023-02-04T15:51:46+00:00"},{"id":28,"license":1,"file_name":"H2-17-X40_png.rf.46a7084e2fabd13da3edbc33c60f00d6.jpg","height":981,"width":1863,"date_captured":"2023-02-04T15:51:46+00:00"},{"id":29,"license":1,"file_name":"E1-22-X40_png.rf.47679f3c072d0d2247e6f481b9b78b47.jpg","height":993,"width":1863,"date_captured":"2023-02-04T15:51:46+00:00"},{"id":30,"license":1,"file_name":"A3-14-X40_png.rf.2ab2aeec696e263fb89a800039dff6b1.jpg","height":1080,"width":1920,"date_captured":"2023-02-04T15:51:46+00:00"},{"id":31,"license":1,"file_name":"S5-32-X40_png.rf.3c5da88e3b3d4eb4de4a8db7161abc2f.jpg","height":970,"width":1860,"date_captured":"2023-02-04T15:51:46+00:00"},{"id":32,"license":1,"file_name":"A3-32-X40_png.rf.5f831162f1b736bef78bfbd89224ab4c.jpg","height":1080,"width":1920,"date_captured":"2023-02-04T15:51:46+00:00"},{"id":33,"license":1,"file_name":"E1-19-X40_png.rf.56a5ff7329ca24a66cab71c44ae62887.jpg","height":989,"width":1863,"date_captured":"2023-02-04T15:51:46+00:00"},{"id":34,"license":1,"file_name":"S5-20-X40_png.rf.5a4959e526ddcb21e876c41f2b47d358.jpg","height":970,"width":1860,"date_captured":"2023-02-04T15:51:46+00:00"},{"id":35,"license":1,"file_name":"H1-34-X40_png.rf.4a6a185aff312b4a7bb07a448817b526.jpg","height":997,"width":1859,"date_captured":"2023-02-04T15:51:46+00:00"},{"id":36,"license":1,"file_name":"A1-4-X40_png.rf.42a3e35db5dc5eabc902cf989b274678.jpg","height":1080,"width":1920,"date_captured":"2023-02-04T15:51:46+00:00"},{"id":37,"license":1,"file_name":"ES2-B1-35_png.rf.608604228f8110d8e819307b67ac180d.jpg","height":1030,"width":1920,"date_captured":"2023-02-04T15:51:46+00:00"},{"id":38,"license":1,"file_name":"S5-33-X40_png.rf.5bc51507e0ed475c3f1b5b9f06e241bb.jpg","height":970,"width":1860,"date_captured":"2023-02-04T15:51:46+00:00"},{"id":39,"license":1,"file_name":"ES2-B1-13_png.rf.4895459aca0c1b6c947be88d13e45a2d.jpg","height":1030,"width":1920,"date_captured":"2023-02-04T15:51:46+00:00"},{"id":40,"license":1,"file_name":"H2-14-X40_png.rf.5258717a704897aa073aab35e9d47450.jpg","height":989,"width":1863,"date_captured":"2023-02-04T15:51:46+00:00"},{"id":41,"license":1,"file_name":"J5-11-X40_png.rf.49f760035c97e79226377c8260bfaf1a.jpg","height":996,"width":1856,"date_captured":"2023-02-04T15:51:46+00:00"},{"id":42,"license":1,"file_name":"J5-17-X40_png.rf.5922f254a371605d8633ca94f2d44ce6.jpg","height":994,"width":1860,"date_captured":"2023-02-04T15:51:46+00:00"},{"id":43,"license":1,"file_name":"H1-8-X40_png.rf.4c5cd951381d1a4c310d814b4c4b8789.jpg","height":997,"width":1867,"date_captured":"2023-02-04T15:51:46+00:00"},{"id":44,"license":1,"file_name":"A3-42-X40_png.rf.611a6379e10e3aa0f74d038babafab23.jpg","height":1007,"width":1867,"date_captured":"2023-02-04T15:51:46+00:00"},{"id":45,"license":1,"file_name":"H2-33-X40_png.rf.4e343018cfb2141392b4385d3060e0a9.jpg","height":993,"width":1863,"date_captured":"2023-02-04T15:51:46+00:00"},{"id":46,"license":1,"file_name":"E1-36-X40_png.rf.670a31994e8f9554c3f8dfb2e1fb6ec2.jpg","height":989,"width":1867,"date_captured":"2023-02-04T15:51:46+00:00"},{"id":47,"license":1,"file_name":"A1-14-X40_png.rf.6b49c5c689aca73adf7faf3280f6e8b4.jpg","height":1080,"width":1920,"date_captured":"2023-02-04T15:51:46+00:00"},{"id":48,"license":1,"file_name":"A3-23-X40_png.rf.53c061ae5dcfdd45816d33115989e136.jpg","height":1080,"width":1920,"date_captured":"2023-02-04T15:51:46+00:00"},{"id":49,"license":1,"file_name":"J5-32-X40_png.rf.5a7bf2b54ffb038e2ad9d351b56718f8.jpg","height":992,"width":1856,"date_captured":"2023-02-04T15:51:46+00:00"},{"id":50,"license":1,"file_name":"F1-25-X40_png.rf.5fc708d1136626e4b1b1ae8ab2ed18de.jpg","height":985,"width":1863,"date_captured":"2023-02-04T15:51:46+00:00"},{"id":51,"license":1,"file_name":"E1-38-X40_png.rf.6825f49b22e232d9c6438d79f1720d6e.jpg","height":993,"width":1863,"date_captured":"2023-02-04T15:51:46+00:00"},{"id":52,"license":1,"file_name":"E1-20-X40_png.rf.6b73d1cf22eddbdd5c43074a53c9804f.jpg","height":997,"width":1863,"date_captured":"2023-02-04T15:51:46+00:00"},{"id":53,"license":1,"file_name":"S5-19-X40_png.rf.56b3404eb3b3b9f6e153a6017d617e1b.jpg","height":970,"width":1860,"date_captured":"2023-02-04T15:51:46+00:00"},{"id":54,"license":1,"file_name":"H2-20-X40_png.rf.6bec73ffb93ae877335da38a1e411755.jpg","height":993,"width":1863,"date_captured":"2023-02-04T15:51:46+00:00"},{"id":55,"license":1,"file_name":"A1-16-X40_png.rf.6b9a8a55a031ce6f37b2e1fb7ded445d.jpg","height":989,"width":1872,"date_captured":"2023-02-04T15:51:46+00:00"},{"id":56,"license":1,"file_name":"E1-27-X40_png.rf.6ebb7e8c7a7994150f35be8330c9d795.jpg","height":989,"width":1863,"date_captured":"2023-02-04T15:51:46+00:00"},{"id":57,"license":1,"file_name":"A1-33-X40_png.rf.6f7c3013dc4b45171afc3755440fd78e.jpg","height":989,"width":1872,"date_captured":"2023-02-04T15:51:46+00:00"},{"id":58,"license":1,"file_name":"A3-17-X40_png.rf.683c186a582ae68fde6ffb9538e3a411.jpg","height":1080,"width":1920,"date_captured":"2023-02-04T15:51:46+00:00"},{"id":59,"license":1,"file_name":"J5-3-X40_png.rf.80db2631c2bb91c373d72d09935ebac7.jpg","height":993,"width":1861,"date_captured":"2023-02-04T15:51:46+00:00"},{"id":60,"license":1,"file_name":"F1-31-X40_png.rf.6f53bdeb69dcf73c6dae0687766256a9.jpg","height":993,"width":1867,"date_captured":"2023-02-04T15:51:46+00:00"},{"id":61,"license":1,"file_name":"S5-22-X40_png.rf.8d1abcdbd08a007bb16ff2dc5190f244.jpg","height":970,"width":1860,"date_captured":"2023-02-04T15:51:46+00:00"},{"id":62,"license":1,"file_name":"A3-37-X40_png.rf.86e08a04998347f41140845da5a65081.jpg","height":1052,"width":1888,"date_captured":"2023-02-04T15:51:46+00:00"},{"id":63,"license":1,"file_name":"E1-6-X40_png.rf.6b7ab84bdc88a15614724ddc3291bf09.jpg","height":993,"width":1859,"date_captured":"2023-02-04T15:51:46+00:00"},{"id":64,"license":1,"file_name":"S5-28-X40_png.rf.70958a48457db4306d01f7faf88fb29d.jpg","height":970,"width":1860,"date_captured":"2023-02-04T15:51:46+00:00"},{"id":65,"license":1,"file_name":"S3-29-X40_png.rf.6cdf59e70db43742f9833b55454f05f8.jpg","height":970,"width":1860,"date_captured":"2023-02-04T15:51:46+00:00"},{"id":66,"license":1,"file_name":"H2-5-X40_png.rf.7a4c8b18b47e83e520e8d816d04abc04.jpg","height":989,"width":1857,"date_captured":"2023-02-04T15:51:46+00:00"},{"id":67,"license":1,"file_name":"S5-5-X40_png.rf.8ad58dd5e9cea43e371417ff9dc1a3a6.jpg","height":970,"width":1860,"date_captured":"2023-02-04T15:51:46+00:00"},{"id":68,"license":1,"file_name":"A1-10-X40_png.rf.759b4b4eef95befc0551e286c90f4460.jpg","height":1080,"width":1920,"date_captured":"2023-02-04T15:51:46+00:00"},{"id":69,"license":1,"file_name":"D4-11-X40_png.rf.83b4d4d15b2bb839ca7ce5ba0a4fb4df.jpg","height":961,"width":1859,"date_captured":"2023-02-04T15:51:46+00:00"},{"id":70,"license":1,"file_name":"E1-10-X40_png.rf.70381e05d00b0f37652a53df1215871b.jpg","height":977,"width":1871,"date_captured":"2023-02-04T15:51:46+00:00"},{"id":71,"license":1,"file_name":"H1-50-X40_png.rf.771d124fa97c092cc37829aa5c6154c7.jpg","height":993,"width":1867,"date_captured":"2023-02-04T15:51:46+00:00"},{"id":72,"license":1,"file_name":"S5-41-X40_png.rf.78af97b8985ca125aa18efbc14ecfec7.jpg","height":970,"width":1860,"date_captured":"2023-02-04T15:51:46+00:00"},{"id":73,"license":1,"file_name":"A3-24-X40_png.rf.890611eab34eaad0b4999eb341fa6f02.jpg","height":1080,"width":1920,"date_captured":"2023-02-04T15:51:46+00:00"},{"id":74,"license":1,"file_name":"A1-13-X40_png.rf.81c83d1559bd9498011156ae1326f8c3.jpg","height":1080,"width":1920,"date_captured":"2023-02-04T15:51:46+00:00"},{"id":75,"license":1,"file_name":"H2-15-X40_png.rf.b63dbd39e3632525138d7e073fa2073f.jpg","height":993,"width":1863,"date_captured":"2023-02-04T15:51:46+00:00"},{"id":76,"license":1,"file_name":"D4-32-X40_png.rf.adc74a18d5741e443d2382b40d097139.jpg","height":1001,"width":1867,"date_captured":"2023-02-04T15:51:46+00:00"},{"id":77,"license":1,"file_name":"ES2-B1-10_png.rf.93dcf756aa2ed65edfaf3ff15217bfde.jpg","height":1030,"width":1920,"date_captured":"2023-02-04T15:51:46+00:00"},{"id":78,"license":1,"file_name":"A3-22-X40_png.rf.abdc86186d90c1167ceea5f03dc79465.jpg","height":1080,"width":1920,"date_captured":"2023-02-04T15:51:46+00:00"},{"id":79,"license":1,"file_name":"A3-15-X40_png.rf.c4bc62f9c98f2796758d0635ab62a409.jpg","height":1080,"width":1920,"date_captured":"2023-02-04T15:51:46+00:00"},{"id":80,"license":1,"file_name":"D4-31-X40_png.rf.af38d5503d5328bd66fec284de396dd9.jpg","height":1005,"width":1863,"date_captured":"2023-02-04T15:51:46+00:00"},{"id":81,"license":1,"file_name":"E1-24-X40_png.rf.9b110710ceee7356bbe68fc89c2f7b42.jpg","height":981,"width":1859,"date_captured":"2023-02-04T15:51:46+00:00"},{"id":82,"license":1,"file_name":"D4-19-X40_png.rf.91195fd39d849ee11a52d5b58727c127.jpg","height":1005,"width":1871,"date_captured":"2023-02-04T15:51:46+00:00"},{"id":83,"license":1,"file_name":"S5-35-X40_png.rf.b5dcd0ebe8963475f7034a336d24ea41.jpg","height":970,"width":1860,"date_captured":"2023-02-04T15:51:46+00:00"},{"id":84,"license":1,"file_name":"H2-26-X40_png.rf.b691dc5e3186e20e633bd96add6fe18d.jpg","height":989,"width":1863,"date_captured":"2023-02-04T15:51:46+00:00"},{"id":85,"license":1,"file_name":"S5-39-X40_png.rf.cf35d064ddd01dbdf0b4fb2aea1c783b.jpg","height":970,"width":1860,"date_captured":"2023-02-04T15:51:46+00:00"},{"id":86,"license":1,"file_name":"H2-13-X40_png.rf.b95cc520c361f52be91ae3021f72e73b.jpg","height":985,"width":1867,"date_captured":"2023-02-04T15:51:46+00:00"},{"id":87,"license":1,"file_name":"H2-36-X40_png.rf.cf074e0f8848bebb2d6dc0af77facd78.jpg","height":993,"width":1867,"date_captured":"2023-02-04T15:51:46+00:00"},{"id":88,"license":1,"file_name":"S3-20-X40_png.rf.cbfe88b2c4f20eddbe12b9a54d253d83.jpg","height":970,"width":1860,"date_captured":"2023-02-04T15:51:46+00:00"},{"id":89,"license":1,"file_name":"S5-34-X40_png.rf.cbba8fe73c6a0d2bfcbe1e2847deab41.jpg","height":970,"width":1860,"date_captured":"2023-02-04T15:51:46+00:00"},{"id":90,"license":1,"file_name":"A3-11-X40_png.rf.e72f9b6fb1e425916f0f11006f9a9f0b.jpg","height":1080,"width":1920,"date_captured":"2023-02-04T15:51:46+00:00"},{"id":91,"license":1,"file_name":"ES2-B1-34_png.rf.d00651fe12310e536bd1b0d6fe06caa3.jpg","height":1030,"width":1920,"date_captured":"2023-02-04T15:51:46+00:00"},{"id":92,"license":1,"file_name":"J5-7-X40_png.rf.c1eb60d0894fbf0ed2398322431393b0.jpg","height":996,"width":1864,"date_captured":"2023-02-04T15:51:46+00:00"},{"id":93,"license":1,"file_name":"A3-21-X40_png.rf.d0f8ca75d02b7599928551ce7cdd3573.jpg","height":1080,"width":1920,"date_captured":"2023-02-04T15:51:46+00:00"},{"id":94,"license":1,"file_name":"F1-10-X40_png.rf.d657047a345ff25f1230fb0d6c6ad732.jpg","height":985,"width":1859,"date_captured":"2023-02-04T15:51:46+00:00"},{"id":95,"license":1,"file_name":"A1-18-X40_png.rf.ecf811bdbc6be4694514b1922b838353.jpg","height":1080,"width":1920,"date_captured":"2023-02-04T15:51:46+00:00"},{"id":96,"license":1,"file_name":"H2-22-X40_png.rf.cd284a92a129db5b41aef907b992fbde.jpg","height":997,"width":1859,"date_captured":"2023-02-04T15:51:46+00:00"},{"id":97,"license":1,"file_name":"H2-39-X40_png.rf.d396a2f3a19a28a87281575864cf5dec.jpg","height":985,"width":1859,"date_captured":"2023-02-04T15:51:46+00:00"},{"id":98,"license":1,"file_name":"A3-35-X40_png.rf.d1d25af88d09a7c915da252a4c578b98.jpg","height":1080,"width":1920,"date_captured":"2023-02-04T15:51:46+00:00"},{"id":99,"license":1,"file_name":"D4-9-X40_png.rf.f410e93859955771f985f3628fb665f7.jpg","height":1001,"width":1855,"date_captured":"2023-02-04T15:51:46+00:00"},{"id":100,"license":1,"file_name":"A3-6-X40_png.rf.eb33a8db213249617521f2257afb02c9.jpg","height":1080,"width":1920,"date_captured":"2023-02-04T15:51:46+00:00"},{"id":101,"license":1,"file_name":"H1-26-X40_png.rf.e191947e53cea45968057aa4c79bb04b.jpg","height":993,"width":1859,"date_captured":"2023-02-04T15:51:46+00:00"},{"id":102,"license":1,"file_name":"H2-32-X40_png.rf.d1b6025ba8353aee81ed623319311d30.jpg","height":977,"width":1867,"date_captured":"2023-02-04T15:51:46+00:00"},{"id":103,"license":1,"file_name":"A1-9-X40_png.rf.b73e67015c4ad3c2616864057a0cdfba.jpg","height":1080,"width":1920,"date_captured":"2023-02-04T15:51:46+00:00"},{"id":104,"license":1,"file_name":"S5-18-X40_png.rf.d35705bd4b1990500edf542de54f5dc2.jpg","height":970,"width":1860,"date_captured":"2023-02-04T15:51:46+00:00"},{"id":105,"license":1,"file_name":"A1-30-X40_png.rf.e9adae9e8a81c79c27be159622ee41de.jpg","height":1080,"width":1920,"date_captured":"2023-02-04T15:51:46+00:00"},{"id":106,"license":1,"file_name":"D4-7-X40_png.rf.90459c50b461858d5d26763d0fb8df1e.jpg","height":985,"width":1867,"date_captured":"2023-02-04T15:51:46+00:00"},{"id":107,"license":1,"file_name":"E1-31-X40_png.rf.e7fb4648bc514f33e8f9ab74f85cff2a.jpg","height":981,"width":1863,"date_captured":"2023-02-04T15:51:46+00:00"},{"id":108,"license":1,"file_name":"H2-25-X40_png.rf.f494774d429eb4df62ae9c8a661478ec.jpg","height":997,"width":1867,"date_captured":"2023-02-04T15:51:46+00:00"},{"id":109,"license":1,"file_name":"H2-12-X40_png.rf.f3a2dea717f4ed9923620cad5deef90e.jpg","height":997,"width":1863,"date_captured":"2023-02-04T15:51:46+00:00"},{"id":110,"license":1,"file_name":"H1-7-X40_png.rf.ffb0d7887a82ab691b2f14f4376a8c65.jpg","height":989,"width":1863,"date_captured":"2023-02-04T15:51:46+00:00"},{"id":111,"license":1,"file_name":"J5-16-X40_png.rf.ff87f2e43d1f7ae107fc835ea72a79cb.jpg","height":994,"width":1857,"date_captured":"2023-02-04T15:51:46+00:00"},{"id":112,"license":1,"file_name":"E1-28-X40_png.rf.fb96b726c9f4f95d1d91777a65e8f831.jpg","height":993,"width":1859,"date_captured":"2023-02-04T15:51:46+00:00"},{"id":113,"license":1,"file_name":"H2-37-X40_png.rf.fbc3ee3cd4050cc37f511794f467a76b.jpg","height":993,"width":1867,"date_captured":"2023-02-04T15:51:46+00:00"},{"id":114,"license":1,"file_name":"S5-26-X40_png.rf.f51922692c86813e53dd02059642ae9a.jpg","height":970,"width":1860,"date_captured":"2023-02-04T15:51:46+00:00"},{"id":115,"license":1,"file_name":"J5-13-X40_png.rf.fb6fa2c657aad0d934363d8b3e39b9ea.jpg","height":994,"width":1863,"date_captured":"2023-02-04T15:51:46+00:00"},{"id":116,"license":1,"file_name":"A3-33-X40_png.rf.dc301752ff52eedfca0375a178cf9393.jpg","height":1080,"width":1920,"date_captured":"2023-02-04T15:51:46+00:00"}],"annotations":[{"id":0,"image_id":0,"category_id":3,"bbox":[753,352,330.79,320.51],"area":106021.503,"segmentation":[],"iscrowd":0},{"id":1,"image_id":0,"category_id":5,"bbox":[1121,462,268.29,325.78],"area":87403.516,"segmentation":[],"iscrowd":0},{"id":2,"image_id":0,"category_id":5,"bbox":[477,352,227.71,261.27],"area":59493.792,"segmentation":[],"iscrowd":0},{"id":3,"image_id":1,"category_id":2,"bbox":[741,166,220.83,305.19],"area":67395.108,"segmentation":[],"iscrowd":0},{"id":4,"image_id":2,"category_id":4,"bbox":[603,418,168.49,147.65],"area":24877.549,"segmentation":[],"iscrowd":0},{"id":5,"image_id":2,"category_id":4,"bbox":[807,534,100.44,103.69],"area":10414.624,"segmentation":[],"iscrowd":0},{"id":6,"image_id":2,"category_id":4,"bbox":[821,324,184.01,198.42],"area":36511.264,"segmentation":[],"iscrowd":0},{"id":7,"image_id":3,"category_id":2,"bbox":[835,364,216.4,172.83],"area":37400.412,"segmentation":[],"iscrowd":0},{"id":8,"image_id":4,"category_id":2,"bbox":[889,658,135.21,146.2],"area":19767.702,"segmentation":[],"iscrowd":0},{"id":9,"image_id":5,"category_id":2,"bbox":[827,406,138.03,156.45],"area":21594.793,"segmentation":[],"iscrowd":0},{"id":10,"image_id":6,"category_id":3,"bbox":[731,231,368.5,556.15],"area":204941.275,"segmentation":[],"iscrowd":0},{"id":11,"image_id":7,"category_id":2,"bbox":[823,436,204.03,191.05],"area":38979.932,"segmentation":[],"iscrowd":0},{"id":12,"image_id":7,"category_id":5,"bbox":[603,288,250.08,280.52],"area":70152.442,"segmentation":[],"iscrowd":0},{"id":13,"image_id":7,"category_id":5,"bbox":[951,196,244.47,280.96],"area":68686.291,"segmentation":[],"iscrowd":0},{"id":14,"image_id":8,"category_id":1,"bbox":[811,350,200.01,238.86],"area":47774.389,"segmentation":[],"iscrowd":0},{"id":15,"image_id":9,"category_id":5,"bbox":[833,370,188.01,198.85],"area":37385.788,"segmentation":[],"iscrowd":0},{"id":16,"image_id":10,"category_id":2,"bbox":[843,398,298.77,282.11],"area":84286.005,"segmentation":[],"iscrowd":0},{"id":17,"image_id":10,"category_id":5,"bbox":[935,90,249.96,277.92],"area":69468.883,"segmentation":[],"iscrowd":0},{"id":18,"image_id":10,"category_id":6,"bbox":[461,344,191.33,315.3],"area":60326.349,"segmentation":[],"iscrowd":0},{"id":19,"image_id":11,"category_id":3,"bbox":[705,334,321.21,367.32],"area":117986.857,"segmentation":[],"iscrowd":0},{"id":20,"image_id":12,"category_id":6,"bbox":[413,132,200.54,221.11],"area":44341.399,"segmentation":[],"iscrowd":0},{"id":21,"image_id":12,"category_id":6,"bbox":[125,150,295,286.36],"area":84476.2,"segmentation":[],"iscrowd":0},{"id":22,"image_id":12,"category_id":3,"bbox":[757,338,363.58,268.07],"area":97464.891,"segmentation":[],"iscrowd":0},{"id":23,"image_id":13,"category_id":3,"bbox":[709,378,399.18,305.31],"area":121873.646,"segmentation":[],"iscrowd":0},{"id":24,"image_id":13,"category_id":5,"bbox":[939,110,217.17,254.72],"area":55317.542,"segmentation":[],"iscrowd":0},{"id":25,"image_id":13,"category_id":5,"bbox":[361,486,211.35,253.35],"area":53545.522,"segmentation":[],"iscrowd":0},{"id":26,"image_id":14,"category_id":3,"bbox":[733,324,438.76,432.56],"area":189790.026,"segmentation":[],"iscrowd":0},{"id":27,"image_id":14,"category_id":6,"bbox":[969,116,372.31,256.33],"area":95434.222,"segmentation":[],"iscrowd":0},{"id":28,"image_id":14,"category_id":6,"bbox":[75,668,324.21,295.09],"area":95671.129,"segmentation":[],"iscrowd":0},{"id":29,"image_id":14,"category_id":5,"bbox":[25,282,343.82,314.46],"area":108117.637,"segmentation":[],"iscrowd":0},{"id":30,"image_id":14,"category_id":6,"bbox":[269,28,258.17,317.11],"area":81868.289,"segmentation":[],"iscrowd":0},{"id":31,"image_id":15,"category_id":3,"bbox":[787,382,214.81,195.65],"area":42027.577,"segmentation":[],"iscrowd":0},{"id":32,"image_id":15,"category_id":5,"bbox":[1157,372,268.68,376.95],"area":101278.926,"segmentation":[],"iscrowd":0},{"id":33,"image_id":15,"category_id":6,"bbox":[539,414,355.65,330.15],"area":117417.847,"segmentation":[],"iscrowd":0},{"id":34,"image_id":16,"category_id":5,"bbox":[393,78,399.28,293.53],"area":117200.658,"segmentation":[],"iscrowd":0},{"id":35,"image_id":17,"category_id":4,"bbox":[647,266,444.39,349.28],"area":155216.539,"segmentation":[],"iscrowd":0},{"id":36,"image_id":18,"category_id":6,"bbox":[403,276,223.34,228.4],"area":51010.856,"segmentation":[],"iscrowd":0},{"id":37,"image_id":19,"category_id":5,"bbox":[1425,98,280.99,294.74],"area":82818.993,"segmentation":[],"iscrowd":0},{"id":38,"image_id":19,"category_id":5,"bbox":[1183,456,283.07,300.16],"area":84966.291,"segmentation":[],"iscrowd":0},{"id":39,"image_id":19,"category_id":6,"bbox":[363,20,234.54,295.89],"area":69398.041,"segmentation":[],"iscrowd":0},{"id":40,"image_id":19,"category_id":5,"bbox":[451,452,239.31,262.54],"area":62828.447,"segmentation":[],"iscrowd":0},{"id":41,"image_id":20,"category_id":4,"bbox":[465,158,763.94,652.6],"area":498547.244,"segmentation":[],"iscrowd":0},{"id":42,"image_id":21,"category_id":1,"bbox":[806,418,201.53,306.61],"area":61791.113,"segmentation":[],"iscrowd":0},{"id":43,"image_id":22,"category_id":2,"bbox":[841,410,111.23,122.03],"area":13573.397,"segmentation":[],"iscrowd":0},{"id":44,"image_id":23,"category_id":3,"bbox":[785,318,233.21,262.05],"area":61112.681,"segmentation":[],"iscrowd":0},{"id":45,"image_id":24,"category_id":3,"bbox":[631,74,484.38,590.5],"area":286026.39,"segmentation":[],"iscrowd":0},{"id":46,"image_id":24,"category_id":6,"bbox":[1237,76,222.27,242.69],"area":53942.706,"segmentation":[],"iscrowd":0},{"id":47,"image_id":24,"category_id":6,"bbox":[695,716,271.63,259.09],"area":70376.617,"segmentation":[],"iscrowd":0},{"id":48,"image_id":24,"category_id":6,"bbox":[513,24,199.31,264.27],"area":52671.654,"segmentation":[],"iscrowd":0},{"id":49,"image_id":24,"category_id":6,"bbox":[111,402,380.58,363.36],"area":138287.549,"segmentation":[],"iscrowd":0},{"id":50,"image_id":25,"category_id":2,"bbox":[698,378,307.03,300.58],"area":92287.077,"segmentation":[],"iscrowd":0},{"id":51,"image_id":25,"category_id":5,"bbox":[1193,491,263.89,300.15],"area":79206.583,"segmentation":[],"iscrowd":0},{"id":52,"image_id":26,"category_id":2,"bbox":[821,442,126.83,132.04],"area":16746.633,"segmentation":[],"iscrowd":0},{"id":53,"image_id":26,"category_id":6,"bbox":[337,18,257.35,263.07],"area":67701.065,"segmentation":[],"iscrowd":0},{"id":54,"image_id":27,"category_id":6,"bbox":[1226,370,287.37,317.11],"area":91127.901,"segmentation":[],"iscrowd":0},{"id":55,"image_id":28,"category_id":2,"bbox":[796,429,182.59,198.57],"area":36256.896,"segmentation":[],"iscrowd":0},{"id":56,"image_id":29,"category_id":3,"bbox":[839,416,172.58,190],"area":32790.2,"segmentation":[],"iscrowd":0},{"id":57,"image_id":29,"category_id":6,"bbox":[683,37,164.05,240],"area":39372,"segmentation":[],"iscrowd":0},{"id":58,"image_id":29,"category_id":6,"bbox":[8,176,212.77,271.43],"area":57752.161,"segmentation":[],"iscrowd":0},{"id":59,"image_id":29,"category_id":5,"bbox":[1229,59,229.62,328.57],"area":75446.243,"segmentation":[],"iscrowd":0},{"id":60,"image_id":29,"category_id":6,"bbox":[882,701,213.99,178.57],"area":38212.194,"segmentation":[],"iscrowd":0},{"id":61,"image_id":30,"category_id":2,"bbox":[876,416,107.54,177.03],"area":19037.806,"segmentation":[],"iscrowd":0},{"id":62,"image_id":30,"category_id":5,"bbox":[1458,240,430.75,372.04],"area":160256.23,"segmentation":[],"iscrowd":0},{"id":63,"image_id":30,"category_id":5,"bbox":[193,518,264.21,276.66],"area":73096.339,"segmentation":[],"iscrowd":0},{"id":64,"image_id":31,"category_id":2,"bbox":[791,326,172.43,226.84],"area":39114.021,"segmentation":[],"iscrowd":0},{"id":65,"image_id":31,"category_id":2,"bbox":[1527,124,167.39,257.54],"area":43109.621,"segmentation":[],"iscrowd":0},{"id":66,"image_id":32,"category_id":2,"bbox":[856,428,143.53,152.52],"area":21891.196,"segmentation":[],"iscrowd":0},{"id":67,"image_id":33,"category_id":2,"bbox":[803,404,231.2,168.45],"area":38945.64,"segmentation":[],"iscrowd":0},{"id":68,"image_id":33,"category_id":5,"bbox":[375,576,249.74,226.99],"area":56688.483,"segmentation":[],"iscrowd":0},{"id":69,"image_id":33,"category_id":5,"bbox":[1373,636,233.82,250.24],"area":58511.117,"segmentation":[],"iscrowd":0},{"id":70,"image_id":34,"category_id":4,"bbox":[575,222,156.5,129.12],"area":20207.28,"segmentation":[],"iscrowd":0},{"id":71,"image_id":35,"category_id":5,"bbox":[891,198,264.37,232.76],"area":61534.761,"segmentation":[],"iscrowd":0},{"id":72,"image_id":35,"category_id":5,"bbox":[71,434,255.83,235.3],"area":60196.799,"segmentation":[],"iscrowd":0},{"id":73,"image_id":35,"category_id":5,"bbox":[35,158,264.64,264.75],"area":70063.44,"segmentation":[],"iscrowd":0},{"id":74,"image_id":35,"category_id":5,"bbox":[987,432,195.56,237.3],"area":46406.388,"segmentation":[],"iscrowd":0},{"id":75,"image_id":36,"category_id":3,"bbox":[738,128,448.97,546.58],"area":245398.023,"segmentation":[],"iscrowd":0},{"id":76,"image_id":36,"category_id":5,"bbox":[316,508,247.67,322.68],"area":79918.156,"segmentation":[],"iscrowd":0},{"id":77,"image_id":38,"category_id":2,"bbox":[815,404,142.03,144.04],"area":20458.001,"segmentation":[],"iscrowd":0},{"id":78,"image_id":39,"category_id":2,"bbox":[913,453,162.01,156.56],"area":25364.286,"segmentation":[],"iscrowd":0},{"id":79,"image_id":40,"category_id":3,"bbox":[813,422,248.4,302.54],"area":75150.936,"segmentation":[],"iscrowd":0},{"id":80,"image_id":40,"category_id":5,"bbox":[787,4,207.22,181.01],"area":37508.892,"segmentation":[],"iscrowd":0},{"id":81,"image_id":40,"category_id":6,"bbox":[1431,90,254.2,191.07],"area":48569.994,"segmentation":[],"iscrowd":0},{"id":82,"image_id":41,"category_id":1,"bbox":[759,300,274.4,292.46],"area":80251.024,"segmentation":[],"iscrowd":0},{"id":83,"image_id":41,"category_id":6,"bbox":[193,58,275.78,259.09],"area":71451.84,"segmentation":[],"iscrowd":0},{"id":84,"image_id":42,"category_id":3,"bbox":[739,296,315.6,379.31],"area":119710.236,"segmentation":[],"iscrowd":0},{"id":85,"image_id":43,"category_id":3,"bbox":[659,424,423.59,245.3],"area":103906.627,"segmentation":[],"iscrowd":0},{"id":86,"image_id":44,"category_id":2,"bbox":[795,428,191.62,189.67],"area":36344.565,"segmentation":[],"iscrowd":0},{"id":87,"image_id":44,"category_id":6,"bbox":[1043,278,319.5,259.62],"area":82948.59,"segmentation":[],"iscrowd":0},{"id":88,"image_id":45,"category_id":2,"bbox":[661,80,206.86,219.08],"area":45318.889,"segmentation":[],"iscrowd":0},{"id":89,"image_id":45,"category_id":5,"bbox":[13,70,162.28,200.26],"area":32498.193,"segmentation":[],"iscrowd":0},{"id":90,"image_id":45,"category_id":5,"bbox":[1585,334,239.35,214.83],"area":51419.56,"segmentation":[],"iscrowd":0},{"id":91,"image_id":45,"category_id":6,"bbox":[229,654,213.39,229.44],"area":48960.202,"segmentation":[],"iscrowd":0},{"id":92,"image_id":46,"category_id":6,"bbox":[1331,320,172.26,305.28],"area":52587.533,"segmentation":[],"iscrowd":0},{"id":93,"image_id":46,"category_id":2,"bbox":[871,432,120.42,97.22],"area":11707.232,"segmentation":[],"iscrowd":0},{"id":94,"image_id":47,"category_id":3,"bbox":[813,383,268.01,281.58],"area":75466.256,"segmentation":[],"iscrowd":0},{"id":95,"image_id":48,"category_id":2,"bbox":[776,393,339.5,319.61],"area":108507.595,"segmentation":[],"iscrowd":0},{"id":96,"image_id":48,"category_id":6,"bbox":[1206,206,163.42,236.94],"area":38720.735,"segmentation":[],"iscrowd":0},{"id":97,"image_id":48,"category_id":6,"bbox":[521,443,160.64,243.59],"area":39130.298,"segmentation":[],"iscrowd":0},{"id":98,"image_id":48,"category_id":6,"bbox":[338,778,229.17,236.79],"area":54265.164,"segmentation":[],"iscrowd":0},{"id":99,"image_id":49,"category_id":3,"bbox":[775,358,287.19,326.92],"area":93888.155,"segmentation":[],"iscrowd":0},{"id":100,"image_id":50,"category_id":3,"bbox":[719,34,460.76,554.06],"area":255288.686,"segmentation":[],"iscrowd":0},{"id":101,"image_id":51,"category_id":1,"bbox":[855,428,104.03,136.84],"area":14235.465,"segmentation":[],"iscrowd":0},{"id":102,"image_id":51,"category_id":5,"bbox":[1009,526,237.94,290.2],"area":69050.188,"segmentation":[],"iscrowd":0},{"id":103,"image_id":52,"category_id":2,"bbox":[825,386,172.42,168.03],"area":28971.733,"segmentation":[],"iscrowd":0},{"id":104,"image_id":52,"category_id":6,"bbox":[1289,448,234.65,261.33],"area":61321.084,"segmentation":[],"iscrowd":0},{"id":105,"image_id":53,"category_id":4,"bbox":[703,232,172.46,328.85],"area":56713.471,"segmentation":[],"iscrowd":0},{"id":106,"image_id":53,"category_id":4,"bbox":[541,546,174.51,182.95],"area":31926.604,"segmentation":[],"iscrowd":0},{"id":107,"image_id":53,"category_id":4,"bbox":[945,354,211.96,235.66],"area":49950.494,"segmentation":[],"iscrowd":0},{"id":108,"image_id":53,"category_id":4,"bbox":[927,610,359.52,187.79],"area":67514.261,"segmentation":[],"iscrowd":0},{"id":109,"image_id":54,"category_id":2,"bbox":[713,373,249.74,191.43],"area":47807.728,"segmentation":[],"iscrowd":0},{"id":110,"image_id":54,"category_id":2,"bbox":[589,236,92.66,78.57],"area":7280.296,"segmentation":[],"iscrowd":0},{"id":111,"image_id":54,"category_id":2,"bbox":[133,273,117.05,137.14],"area":16052.237,"segmentation":[],"iscrowd":0},{"id":112,"image_id":54,"category_id":1,"bbox":[1169,501,143.94,198.57],"area":28582.166,"segmentation":[],"iscrowd":0},{"id":113,"image_id":54,"category_id":6,"bbox":[1563,283,263.82,318.57],"area":84045.137,"segmentation":[],"iscrowd":0},{"id":114,"image_id":54,"category_id":5,"bbox":[1345,694,259.58,218.57],"area":56736.401,"segmentation":[],"iscrowd":0},{"id":115,"image_id":55,"category_id":3,"bbox":[827,424,136.03,129.24],"area":17580.517,"segmentation":[],"iscrowd":0},{"id":116,"image_id":56,"category_id":2,"bbox":[737,416,349.99,326.15],"area":114149.238,"segmentation":[],"iscrowd":0},{"id":117,"image_id":56,"category_id":6,"bbox":[581,200,240.47,257.18],"area":61844.075,"segmentation":[],"iscrowd":0},{"id":118,"image_id":56,"category_id":6,"bbox":[1329,100,305.01,235.5],"area":71829.855,"segmentation":[],"iscrowd":0},{"id":119,"image_id":57,"category_id":3,"bbox":[765,308,260.41,307.67],"area":80120.345,"segmentation":[],"iscrowd":0},{"id":120,"image_id":58,"category_id":2,"bbox":[848,443,155.03,165.54],"area":25663.666,"segmentation":[],"iscrowd":0},{"id":121,"image_id":58,"category_id":5,"bbox":[383,518,240.15,248.64],"area":59710.896,"segmentation":[],"iscrowd":0},{"id":122,"image_id":58,"category_id":5,"bbox":[683,243,224.06,257.48],"area":57690.969,"segmentation":[],"iscrowd":0},{"id":123,"image_id":58,"category_id":5,"bbox":[208,736,283.2,285.29],"area":80794.128,"segmentation":[],"iscrowd":0},{"id":124,"image_id":58,"category_id":5,"bbox":[1028,11,242.95,263.84],"area":64099.928,"segmentation":[],"iscrowd":0},{"id":125,"image_id":59,"category_id":3,"bbox":[743,238,294,402.09],"area":118214.46,"segmentation":[],"iscrowd":0},{"id":126,"image_id":60,"category_id":3,"bbox":[697,338,273.63,262.06],"area":71707.478,"segmentation":[],"iscrowd":0},{"id":127,"image_id":60,"category_id":5,"bbox":[1255,506,301.04,290.98],"area":87596.619,"segmentation":[],"iscrowd":0},{"id":128,"image_id":60,"category_id":5,"bbox":[115,622,358.19,298.26],"area":106833.749,"segmentation":[],"iscrowd":0},{"id":129,"image_id":60,"category_id":6,"bbox":[445,128,223.32,241.52],"area":53936.246,"segmentation":[],"iscrowd":0},{"id":130,"image_id":61,"category_id":4,"bbox":[1305,256,128.68,144.75],"area":18626.43,"segmentation":[],"iscrowd":0},{"id":131,"image_id":61,"category_id":2,"bbox":[829,392,123.23,149.64],"area":18440.137,"segmentation":[],"iscrowd":0},{"id":132,"image_id":61,"category_id":4,"bbox":[1611,354,118.58,162.02],"area":19212.332,"segmentation":[],"iscrowd":0},{"id":133,"image_id":61,"category_id":4,"bbox":[559,2,98.92,112.17],"area":11095.856,"segmentation":[],"iscrowd":0},{"id":134,"image_id":61,"category_id":4,"bbox":[367,156,98.99,102.26],"area":10122.717,"segmentation":[],"iscrowd":0},{"id":135,"image_id":61,"category_id":4,"bbox":[127,2,158.24,136.19],"area":21550.706,"segmentation":[],"iscrowd":0},{"id":136,"image_id":62,"category_id":3,"bbox":[814,482,154.69,113.33],"area":17531.018,"segmentation":[],"iscrowd":0},{"id":137,"image_id":63,"category_id":2,"bbox":[777,390,256.8,226.07],"area":58054.776,"segmentation":[],"iscrowd":0},{"id":138,"image_id":63,"category_id":6,"bbox":[1161,112,251.88,223.9],"area":56395.932,"segmentation":[],"iscrowd":0},{"id":139,"image_id":64,"category_id":2,"bbox":[627,392,389.21,441.01],"area":171645.502,"segmentation":[],"iscrowd":0},{"id":140,"image_id":65,"category_id":2,"bbox":[849,314,226.39,251.65],"area":56971.043,"segmentation":[],"iscrowd":0},{"id":141,"image_id":66,"category_id":2,"bbox":[775,402,370.37,231.29],"area":85662.877,"segmentation":[],"iscrowd":0},{"id":142,"image_id":67,"category_id":4,"bbox":[837,382,115.23,156.43],"area":18025.429,"segmentation":[],"iscrowd":0},{"id":143,"image_id":67,"category_id":4,"bbox":[1259,440,185.87,344.98],"area":64121.433,"segmentation":[],"iscrowd":0},{"id":144,"image_id":68,"category_id":3,"bbox":[846,406,193.52,271.08],"area":52459.402,"segmentation":[],"iscrowd":0},{"id":145,"image_id":68,"category_id":6,"bbox":[858,196,217.01,218.92],"area":47507.829,"segmentation":[],"iscrowd":0},{"id":146,"image_id":68,"category_id":6,"bbox":[286,563,233.69,245.66],"area":57408.285,"segmentation":[],"iscrowd":0},{"id":147,"image_id":69,"category_id":3,"bbox":[757,282,340.78,369.3],"area":125850.054,"segmentation":[],"iscrowd":0},{"id":148,"image_id":69,"category_id":5,"bbox":[253,114,246.58,173.88],"area":42875.33,"segmentation":[],"iscrowd":0},{"id":149,"image_id":69,"category_id":5,"bbox":[31,270,262.24,230.81],"area":60527.614,"segmentation":[],"iscrowd":0},{"id":150,"image_id":69,"category_id":5,"bbox":[953,6,303.13,299.49],"area":90784.404,"segmentation":[],"iscrowd":0},{"id":151,"image_id":69,"category_id":5,"bbox":[293,594,195.38,194.99],"area":38097.146,"segmentation":[],"iscrowd":0},{"id":152,"image_id":69,"category_id":5,"bbox":[1231,244,351.43,303.24],"area":106567.633,"segmentation":[],"iscrowd":0},{"id":153,"image_id":69,"category_id":1,"bbox":[1591,628,168.97,231.43],"area":39104.727,"segmentation":[],"iscrowd":0},{"id":154,"image_id":70,"category_id":2,"bbox":[819,410,153.63,156.45],"area":24035.413,"segmentation":[],"iscrowd":0},{"id":155,"image_id":70,"category_id":6,"bbox":[1435,230,145.43,201.97],"area":29372.497,"segmentation":[],"iscrowd":0},{"id":156,"image_id":70,"category_id":6,"bbox":[1365,436,186.64,287.34],"area":53629.138,"segmentation":[],"iscrowd":0},{"id":157,"image_id":70,"category_id":5,"bbox":[355,140,241.75,191.1],"area":46198.425,"segmentation":[],"iscrowd":0},{"id":158,"image_id":71,"category_id":5,"bbox":[379,594,231.74,297.44],"area":68928.746,"segmentation":[],"iscrowd":0},{"id":159,"image_id":71,"category_id":1,"bbox":[1499,108,229.78,240.71],"area":55310.344,"segmentation":[],"iscrowd":0},{"id":160,"image_id":72,"category_id":4,"bbox":[333,164,101,193.52],"area":19545.52,"segmentation":[],"iscrowd":0},{"id":161,"image_id":73,"category_id":2,"bbox":[728,386,345.01,269.07],"area":92831.841,"segmentation":[],"iscrowd":0},{"id":162,"image_id":73,"category_id":5,"bbox":[1513,268,249.79,306.52],"area":76565.631,"segmentation":[],"iscrowd":0},{"id":163,"image_id":73,"category_id":5,"bbox":[1256,301,225.38,270.02],"area":60857.108,"segmentation":[],"iscrowd":0},{"id":164,"image_id":74,"category_id":3,"bbox":[783,338,294.01,322.57],"area":94838.806,"segmentation":[],"iscrowd":0},{"id":165,"image_id":74,"category_id":3,"bbox":[1118,356,184.94,255.04],"area":47167.098,"segmentation":[],"iscrowd":0},{"id":166,"image_id":74,"category_id":6,"bbox":[728,638,257.04,256.72],"area":65987.309,"segmentation":[],"iscrowd":0},{"id":167,"image_id":75,"category_id":3,"bbox":[777,406,222.02,179.66],"area":39888.113,"segmentation":[],"iscrowd":0},{"id":168,"image_id":76,"category_id":3,"bbox":[609,242,395.22,350.86],"area":138666.889,"segmentation":[],"iscrowd":0},{"id":169,"image_id":76,"category_id":5,"bbox":[1483,440,204.2,232.91],"area":47560.222,"segmentation":[],"iscrowd":0},{"id":170,"image_id":76,"category_id":5,"bbox":[503,426,234.1,198.88],"area":46557.808,"segmentation":[],"iscrowd":0},{"id":171,"image_id":76,"category_id":5,"bbox":[493,62,263.29,209.06],"area":55043.407,"segmentation":[],"iscrowd":0},{"id":172,"image_id":76,"category_id":5,"bbox":[1271,74,233.85,256.3],"area":59935.755,"segmentation":[],"iscrowd":0},{"id":173,"image_id":77,"category_id":5,"bbox":[826,375,219.52,284.09],"area":62363.437,"segmentation":[],"iscrowd":0},{"id":174,"image_id":77,"category_id":5,"bbox":[1316,651,219.36,321.28],"area":70475.981,"segmentation":[],"iscrowd":0},{"id":175,"image_id":77,"category_id":6,"bbox":[1393,381,275.82,237.06],"area":65385.889,"segmentation":[],"iscrowd":0},{"id":176,"image_id":78,"category_id":5,"bbox":[1058,751,184.96,236.27],"area":43700.499,"segmentation":[],"iscrowd":0},{"id":177,"image_id":79,"category_id":2,"bbox":[816,448,197.53,158.54],"area":31316.406,"segmentation":[],"iscrowd":0},{"id":178,"image_id":80,"category_id":1,"bbox":[791,262,227.21,353.67],"area":80357.361,"segmentation":[],"iscrowd":0},{"id":179,"image_id":80,"category_id":5,"bbox":[1421,190,237.01,284.78],"area":67495.708,"segmentation":[],"iscrowd":0},{"id":180,"image_id":81,"category_id":2,"bbox":[807,408,159.63,202.07],"area":32256.434,"segmentation":[],"iscrowd":0},{"id":181,"image_id":82,"category_id":1,"bbox":[715,310,396.78,312.07],"area":123823.135,"segmentation":[],"iscrowd":0},{"id":182,"image_id":82,"category_id":5,"bbox":[289,154,237.37,288.76],"area":68542.961,"segmentation":[],"iscrowd":0},{"id":183,"image_id":82,"category_id":5,"bbox":[1263,198,309.43,294.39],"area":91093.098,"segmentation":[],"iscrowd":0},{"id":184,"image_id":83,"category_id":2,"bbox":[817,424,172.02,164.06],"area":28221.601,"segmentation":[],"iscrowd":0},{"id":185,"image_id":84,"category_id":2,"bbox":[817,432,166.02,193.28],"area":32088.346,"segmentation":[],"iscrowd":0},{"id":186,"image_id":84,"category_id":6,"bbox":[539,118,210.5,305.56],"area":64320.38,"segmentation":[],"iscrowd":0},{"id":187,"image_id":84,"category_id":6,"bbox":[495,552,212.91,247.79],"area":52756.969,"segmentation":[],"iscrowd":0},{"id":188,"image_id":85,"category_id":2,"bbox":[833,414,114.43,111.63],"area":12773.821,"segmentation":[],"iscrowd":0},{"id":189,"image_id":86,"category_id":2,"bbox":[835,426,142.02,131.64],"area":18695.513,"segmentation":[],"iscrowd":0},{"id":190,"image_id":86,"category_id":6,"bbox":[291,130,318.14,209.91],"area":66780.767,"segmentation":[],"iscrowd":0},{"id":191,"image_id":86,"category_id":5,"bbox":[947,82,221.96,248.3],"area":55112.668,"segmentation":[],"iscrowd":0},{"id":192,"image_id":87,"category_id":2,"bbox":[841,344,174.41,214.44],"area":37400.48,"segmentation":[],"iscrowd":0},{"id":193,"image_id":87,"category_id":6,"bbox":[1301,210,277.43,255.58],"area":70905.559,"segmentation":[],"iscrowd":0},{"id":194,"image_id":87,"category_id":5,"bbox":[513,484,188.91,276.16],"area":52169.386,"segmentation":[],"iscrowd":0},{"id":195,"image_id":88,"category_id":2,"bbox":[531,286,298.07,268.44],"area":80013.911,"segmentation":[],"iscrowd":0},{"id":196,"image_id":89,"category_id":2,"bbox":[817,422,143.23,119.64],"area":17136.037,"segmentation":[],"iscrowd":0},{"id":197,"image_id":89,"category_id":2,"bbox":[29,194,93.1,112.29],"area":10454.199,"segmentation":[],"iscrowd":0},{"id":198,"image_id":90,"category_id":2,"bbox":[878,331,205.01,268.04],"area":54950.88,"segmentation":[],"iscrowd":0},{"id":199,"image_id":90,"category_id":6,"bbox":[171,58,258.72,290.38],"area":75127.114,"segmentation":[],"iscrowd":0},{"id":200,"image_id":90,"category_id":5,"bbox":[1506,13,263.29,327.38],"area":86195.88,"segmentation":[],"iscrowd":0},{"id":201,"image_id":91,"category_id":2,"bbox":[905,456,144.41,162.06],"area":23403.085,"segmentation":[],"iscrowd":0},{"id":202,"image_id":92,"category_id":3,"bbox":[675,262,312.82,373.68],"area":116894.578,"segmentation":[],"iscrowd":0},{"id":203,"image_id":93,"category_id":3,"bbox":[831,438,212.52,188.55],"area":40070.646,"segmentation":[],"iscrowd":0},{"id":204,"image_id":93,"category_id":5,"bbox":[1148,458,218.92,264.61],"area":57928.421,"segmentation":[],"iscrowd":0},{"id":205,"image_id":94,"category_id":3,"bbox":[673,300,340.01,316.88],"area":107742.369,"segmentation":[],"iscrowd":0},{"id":206,"image_id":94,"category_id":6,"bbox":[335,6,319.73,271.47],"area":86797.103,"segmentation":[],"iscrowd":0},{"id":207,"image_id":95,"category_id":3,"bbox":[801,378,258.52,302.59],"area":78225.567,"segmentation":[],"iscrowd":0},{"id":208,"image_id":96,"category_id":2,"bbox":[811,414,214.81,218.48],"area":46931.689,"segmentation":[],"iscrowd":0},{"id":209,"image_id":96,"category_id":6,"bbox":[439,680,183.74,178.22],"area":32746.143,"segmentation":[],"iscrowd":0},{"id":210,"image_id":96,"category_id":5,"bbox":[43,384,200.66,235.67],"area":47289.542,"segmentation":[],"iscrowd":0},{"id":211,"image_id":96,"category_id":5,"bbox":[1661,284,167.75,231.61],"area":38852.577,"segmentation":[],"iscrowd":0},{"id":212,"image_id":97,"category_id":2,"bbox":[833,427,114.02,108.57],"area":12379.151,"segmentation":[],"iscrowd":0},{"id":213,"image_id":98,"category_id":2,"bbox":[868,473,167.02,247.61],"area":41355.822,"segmentation":[],"iscrowd":0},{"id":214,"image_id":98,"category_id":6,"bbox":[336,176,251.67,330.98],"area":83297.737,"segmentation":[],"iscrowd":0},{"id":215,"image_id":99,"category_id":3,"bbox":[749,306,337.19,368.51],"area":124257.887,"segmentation":[],"iscrowd":0},{"id":216,"image_id":99,"category_id":5,"bbox":[1109,202,213.91,235.56],"area":50388.64,"segmentation":[],"iscrowd":0},{"id":217,"image_id":99,"category_id":5,"bbox":[1171,470,332.65,254.14],"area":84539.671,"segmentation":[],"iscrowd":0},{"id":218,"image_id":99,"category_id":5,"bbox":[291,18,289.75,216.24],"area":62655.54,"segmentation":[],"iscrowd":0},{"id":219,"image_id":99,"category_id":5,"bbox":[263,378,306.55,331.73],"area":101691.832,"segmentation":[],"iscrowd":0},{"id":220,"image_id":99,"category_id":5,"bbox":[45,434,268.63,294.94],"area":79229.732,"segmentation":[],"iscrowd":0},{"id":221,"image_id":100,"category_id":2,"bbox":[601,196,420.53,399.03],"area":167804.086,"segmentation":[],"iscrowd":0},{"id":222,"image_id":101,"category_id":1,"bbox":[705,366,295.22,237.27],"area":70046.849,"segmentation":[],"iscrowd":0},{"id":223,"image_id":101,"category_id":5,"bbox":[1493,176,244.58,257.56],"area":62994.025,"segmentation":[],"iscrowd":0},{"id":224,"image_id":101,"category_id":5,"bbox":[473,342,242.51,333.31],"area":80831.008,"segmentation":[],"iscrowd":0},{"id":225,"image_id":101,"category_id":5,"bbox":[47,590,305.42,229.4],"area":70063.348,"segmentation":[],"iscrowd":0},{"id":226,"image_id":102,"category_id":2,"bbox":[787,414,223.61,160.45],"area":35878.224,"segmentation":[],"iscrowd":0},{"id":227,"image_id":102,"category_id":6,"bbox":[83,6,273.42,275.47],"area":75319.007,"segmentation":[],"iscrowd":0},{"id":228,"image_id":102,"category_id":5,"bbox":[1427,350,226.61,304.5],"area":69002.745,"segmentation":[],"iscrowd":0},{"id":229,"image_id":103,"category_id":3,"bbox":[758,283,313.01,409.59],"area":128205.766,"segmentation":[],"iscrowd":0},{"id":230,"image_id":104,"category_id":2,"bbox":[835,124,329.96,406.43],"area":134105.643,"segmentation":[],"iscrowd":0},{"id":231,"image_id":105,"category_id":3,"bbox":[776,338,305.51,328.58],"area":100384.476,"segmentation":[],"iscrowd":0},{"id":232,"image_id":105,"category_id":3,"bbox":[1098,376,200.94,229.04],"area":46023.298,"segmentation":[],"iscrowd":0},{"id":233,"image_id":106,"category_id":1,"bbox":[691,308,407.58,440.16],"area":179400.413,"segmentation":[],"iscrowd":0},{"id":234,"image_id":106,"category_id":5,"bbox":[1223,264,265.86,298.44],"area":79343.258,"segmentation":[],"iscrowd":0},{"id":235,"image_id":106,"category_id":6,"bbox":[947,92,338.72,297.54],"area":100782.749,"segmentation":[],"iscrowd":0},{"id":236,"image_id":106,"category_id":5,"bbox":[343,42,205.36,225.86],"area":46382.61,"segmentation":[],"iscrowd":0},{"id":237,"image_id":106,"category_id":5,"bbox":[1201,572,303.85,337.86],"area":102658.761,"segmentation":[],"iscrowd":0},{"id":238,"image_id":106,"category_id":5,"bbox":[1439,4,206.61,255.86],"area":52863.235,"segmentation":[],"iscrowd":0},{"id":239,"image_id":106,"category_id":5,"bbox":[1535,296,332.28,327.28],"area":108748.598,"segmentation":[],"iscrowd":0},{"id":240,"image_id":107,"category_id":2,"bbox":[839,422,108.83,128.84],"area":14021.657,"segmentation":[],"iscrowd":0},{"id":241,"image_id":107,"category_id":5,"bbox":[101,242,296.61,252.8],"area":74983.008,"segmentation":[],"iscrowd":0},{"id":242,"image_id":107,"category_id":6,"bbox":[763,708,378.37,268.7],"area":101668.019,"segmentation":[],"iscrowd":0},{"id":243,"image_id":108,"category_id":2,"bbox":[691,208,279.63,389.26],"area":108848.774,"segmentation":[],"iscrowd":0},{"id":244,"image_id":109,"category_id":2,"bbox":[813,334,178.02,221.64],"area":39456.353,"segmentation":[],"iscrowd":0},{"id":245,"image_id":109,"category_id":6,"bbox":[1177,228,237.88,314.83],"area":74891.76,"segmentation":[],"iscrowd":0},{"id":246,"image_id":109,"category_id":6,"bbox":[213,508,219.8,286.18],"area":62902.364,"segmentation":[],"iscrowd":0},{"id":247,"image_id":110,"category_id":3,"bbox":[791,336,228.81,268.47],"area":61428.621,"segmentation":[],"iscrowd":0},{"id":248,"image_id":111,"category_id":3,"bbox":[787,10,361.57,596.47],"area":215665.658,"segmentation":[],"iscrowd":0},{"id":249,"image_id":111,"category_id":6,"bbox":[285,0,276.55,235.44],"area":65110.932,"segmentation":[],"iscrowd":0},{"id":250,"image_id":111,"category_id":6,"bbox":[1451,360,292.58,305.7],"area":89441.706,"segmentation":[],"iscrowd":0},{"id":251,"image_id":112,"category_id":2,"bbox":[747,338,230.82,266.87],"area":61598.933,"segmentation":[],"iscrowd":0},{"id":252,"image_id":112,"category_id":1,"bbox":[499,590,176.52,226.2],"area":39928.824,"segmentation":[],"iscrowd":0},{"id":253,"image_id":112,"category_id":5,"bbox":[25,390,257.05,293.31],"area":75395.336,"segmentation":[],"iscrowd":0},{"id":254,"image_id":113,"category_id":5,"bbox":[677,426,202.46,188.47],"area":38157.636,"segmentation":[],"iscrowd":0},{"id":255,"image_id":113,"category_id":5,"bbox":[1177,342,151.91,211.64],"area":32150.232,"segmentation":[],"iscrowd":0},{"id":256,"image_id":114,"category_id":4,"bbox":[929,426,202.37,210.09],"area":42515.913,"segmentation":[],"iscrowd":0},{"id":257,"image_id":115,"category_id":3,"bbox":[425,54,524.43,603.7],"area":316598.391,"segmentation":[],"iscrowd":0},{"id":258,"image_id":116,"category_id":2,"bbox":[873,443,114.04,203.57],"area":23215.123,"segmentation":[],"iscrowd":0},{"id":259,"image_id":116,"category_id":5,"bbox":[236,20,273.69,251.84],"area":68926.09,"segmentation":[],"iscrowd":0},{"id":260,"image_id":116,"category_id":6,"bbox":[636,1,235.58,237.82],"area":56025.636,"segmentation":[],"iscrowd":0}]}